c1,c2
-3.99609375,-60.9597612769412
-3.9921875,-61.290096638854
-3.98828125,-61.8319157298885
-3.984375,-62.3566663398472
-3.98046875,-62.5639748302219
-3.9765625,-62.3114351406018
-3.97265625,-61.770793541346
-3.96875,-61.2429176475048
-3.96484375,-60.9429982367897
-3.9609375,-60.9633987225697
-3.95703125,-61.2983805567038
-3.953125,-61.8417578347363
-3.94921875,-62.3628863833561
-3.9453125,-62.5619949049323
-3.94140625,-62.3019922715325
-3.9375,-61.7591731452519
-3.93359375,-61.2340010627732
-3.9296875,-60.9392874094768
-3.92578125,-60.9654225744521
-3.921875,-61.3050174722616
-3.91796875,-61.8498804397578
-3.9140625,-62.3672900521718
-3.91015625,-62.5581579944848
-3.90625,-62.2907591098957
-3.90234375,-61.7458595419257
-3.8984375,-61.2234521163067
-3.89453125,-60.933966957792
-3.890625,-60.9658319919685
-3.88671875,-61.3100058842999
-3.8828125,-61.8562811352868
-3.87890625,-62.3698747288529
-3.875,-62.5524629539956
-3.87109375,-62.2777357616193
-3.8671875,-61.7308525920274
-3.86328125,-61.2112700646148
-3.859375,-60.9270357173727
-3.85546875,-60.9646254040074
-3.8515625,-61.3133435574674
-3.84765625,-61.8609567798583
-3.84375,-62.3706370907436
-3.83984375,-62.5449079546346
-3.8359375,-62.2629216229767
-3.83203125,-61.7141514259852
-3.828125,-61.1974534316863
-3.82421875,-60.9184917922132
-3.8203125,-60.9618005066109
-3.81640625,-61.3150275199026
-3.8125,-61.8639034977496
-3.80859375,-62.3695731072506
-3.8046875,-62.5354904794158
-3.80078125,-62.2463153754822
-3.796875,-61.6957544393326
-3.79296875,-61.1820000048293
-3.7890625,-60.9083325508488
-3.78515625,-60.9573542593243
-3.78125,-61.3150540595638
-3.77734375,-61.8651166752367
-3.7734375,-62.3666780358118
-3.76953125,-62.5242073176619
-3.765625,-62.2279149794718
-3.76171875,-61.6756592867554
-3.7578125,-61.1649068292068
-3.75390625,-60.8965546212238
-3.75,-60.95128288024
-3.74609375,-61.3134187192498
-3.7421875,-61.8645909555396
-3.73828125,-62.3619464165364
-3.734375,-62.5110545581134
-3.73046875,-62.20771766638
-3.7265625,-61.6538628748166
-3.72265625,-61.1461702010433
-3.71875,-60.8831538842329
-3.71484375,-60.9435818397137
-3.7109375,-61.3101162903007
-3.70703125,-61.86232023245
-3.703125,-62.3553720654929
-3.69921875,-62.4960275806639
-3.6953125,-62.1857199296537
-3.69140625,-61.6303613533349
-3.6875,-61.1257856594739
-3.68359375,-60.8681254659036
-3.6796875,-60.9342458527251
-3.67578125,-61.3051408049499
-3.671875,-61.8582976425966
-3.66796875,-62.3469480666068
-3.6640625,-62.4791210466724
-3.66015625,-62.1619175142813
-3.65625,-61.60515010538
-3.65234375,-61.103747977003
-3.6484375,-60.8514637281843
-3.64453125,-60.9232688698539
-3.640625,-61.29848552729
-3.63671875,-61.8525155563295
-3.6328125,-62.3366667621385
-3.62890625,-62.4603288878355
-3.625,-62.1363054048984
-3.62109375,-61.5782237358353
-3.6171875,-61.0800511485265
-3.61328125,-60.8331622583026
-3.609375,-60.9106440668351
-3.60546875,-61.2901429428266
-3.6015625,-61.8449655671767
-3.59765625,-62.3245197416973
-3.59375,-62.4396442935511
-3.58984375,-62.1088778124082
-3.5859375,-61.5495760584918
-3.58203125,-61.0546883788785
-3.578125,-60.8132138566535
-3.57421875,-60.8963638326429
-3.5703125,-61.2801047465635
-3.56640625,-61.8356384798294
-3.5625,-62.3104978297353
-3.55859375,-62.4170596967366
-3.5546875,-62.0796281590778
-3.55078125,-61.5192000816046
-3.546875,-61.0276520688422
-3.54296875,-60.7916105231505
-3.5390625,-60.880419756063
-3.53515625,-61.2683618295839
-3.53125,-61.8245242966014
-3.52734375,-62.2945910714756
-3.5234375,-62.3925667580367
-3.51953125,-62.0485490620414
-3.515625,-61.4870879918621
-3.51171875,-60.9989337995618
-3.5078125,-60.7683434419984
-3.50390625,-60.8628026106857
-3.5,-61.2549042640579
-3.49609375,-61.8116122023107
-3.4921875,-62.2767887171989
-3.48828125,-62.3661563483513
-3.484375,-62.0156323151374
-3.48046875,-61.453231136689
-3.4765625,-60.9685243152998
-3.47265625,-60.7434029648084
-3.46875,-60.8435023382656
-3.46484375,-61.2397212866165
-3.4609375,-61.7968905475068
-3.45703125,-62.2570792048246
-3.453125,-62.3378185296151
-3.44921875,-61.9808688690106
-3.4453125,-61.4176200048076
-3.44140625,-60.9364135044489
-3.4375,-60.7167785919892
-3.43359375,-60.8225080303642
-3.4296875,-61.2228012800243
-3.42578125,-61.7803468299754
-3.421875,-62.2354501407071
-3.41796875,-62.3075425337394
-3.4140625,-61.9442488093833
-3.41015625,-61.3802442049729
-3.40625,-60.9025903787173
-3.40234375,-60.6884589523251
-3.3984375,-60.7998079082029
-3.39453125,-61.2041317530636
-3.390625,-61.7619676744365
-3.38671875,-62.2118882785475
-3.3828125,-62.2753167396231
-3.37890625,-61.9057613334123
-3.375,-61.3410924427826
-3.37109375,-60.8670430503991
-3.3671875,-60.6584317806531
-3.36328125,-60.7753893006378
-3.359375,-61.1836993185442
-3.35546875,-61.7417388103375
-3.3515625,-62.1863794963384
-3.34765625,-62.2411286481347
-3.34375,-61.8653947240072
-3.33984375,-61.3001524954526
-3.3359375,-60.8297587076142
-3.33203125,-60.626683893535
-3.328125,-60.7492386201418
-3.32421875,-61.1614896693366
-3.3203125,-61.7196450476466
-3.31640625,-62.158908771214
-3.3125,-62.2049648549442
-3.30859375,-61.8231363220119
-3.3046875,-61.257411184446
-3.30078125,-60.7907235874097
-3.296875,-60.5932011628079
-3.29296875,-60.7213413367024
-3.2890625,-61.1374875523207
-3.28515625,-61.6956702505255
-3.28125,-62.1294601520993
-3.27734375,-62.1668110210866
-3.2734375,-61.7789724961038
-3.26953125,-61.2128543458205
-3.265625,-60.74992294659
-3.26171875,-60.5579684868944
-3.2578125,-60.6916819494982
-3.25390625,-61.1116767401245
-3.25,-61.6697973087582
-3.24609375,-62.0980167300132
-3.2421875,-62.1266518411065
-3.23828125,-61.7328886102771
-3.234375,-61.1664667981477
-3.23046875,-60.7073410301336
-3.2265625,-60.5209697597267
-3.22265625,-60.6602439562222
-3.21875,-61.0840400005211
-3.21484375,-61.6420081067914
-3.2109375,-62.0645606058855
-3.20703125,-62.0844710086396
-3.203125,-61.6848689887461
-3.19921875,-61.1182323078531
-3.1953125,-60.6629610370422
-3.19140625,-60.482187837135
-3.1875,-60.6270098199068
-3.18359375,-61.0545590633323
-3.1796875,-61.6122834902448
-3.17578125,-62.0290728557178
-3.171875,-62.0402511792554
-3.16796875,-61.6348968780969
-3.1640625,-61.0681335517941
-3.16015625,-60.6167650834476
-3.15625,-60.4416045005305
-3.15234375,-60.5919609330778
-3.1484375,-61.0232145846717
-3.14453125,-61.5806032297016
-3.140625,-61.9915334929144
-3.13671875,-61.9939739303738
-3.1328125,-61.5829544064933
-3.12890625,-61.0161520768852
-3.125,-60.568734162782
-3.12109375,-60.3992004176966
-3.1171875,-60.5550775790554
-3.11328125,-60.9899861083546
-3.109375,-61.5469459816135
-3.10546875,-61.9519214275762
-3.1015625,-61.9456197180547
-3.09765625,-61.529022539722
-3.09375,-60.9622682565581
-3.08984375,-60.5188481028097
-3.0859375,-60.3549551004801
-3.08203125,-60.5163388902105
-3.078125,-60.9548520242593
-3.07421875,-61.5112892460889
-3.0703125,-61.9102144225564
-3.06640625,-61.8951678304152
-3.0625,-61.47308103385
-3.05859375,-60.906461243817
-3.0546875,-60.467085519281
-3.05078125,-60.3088468591582
-3.046875,-60.4757228029391
-3.04296875,-60.9177895234311
-3.0390625,-61.4736093213621
-3.03515625,-61.8663890459935
-3.03125,-61.8425963374495
-3.02734375,-61.4151083842257
-3.0234375,-60.8487089206355
-3.01953125,-60.4134237659444
-3.015625,-60.2608527532285
-3.01171875,-60.4332060091109
-3.0078125,-60.878774549675
-3.00390625,-61.4338812546574
-3,-61.8204206201289
-2.99609375,-61.7878820369286
-2.9921875,-61.3550817705423
-2.98828125,-60.7889878433933
-2.984375,-60.3578388806614
-2.98046875,-60.2109485383315
-2.9765625,-60.3887639037448
-2.97265625,-60.8377817473668
-2.96875,-61.3920787892188
-2.96484375,-61.7722831660009
-2.9609375,-61.7310003961414
-2.95703125,-61.2929769976239
-2.953125,-60.7272731840772
-2.94921875,-60.3003055272488
-2.9453125,-60.1591086090289
-2.94140625,-60.3423705285619
-2.9375,-60.7947844051876
-2.93359375,-61.3481743071028
-2.9296875,-61.7219493438309
-2.92578125,-61.6719254890287
-2.921875,-61.2287684316661
-2.91796875,-60.6635386667673
-2.9140625,-60.2407969328093
-2.91015625,-60.1053059370873
-2.90625,-60.2939985110591
-2.90234375,-60.7497543954769
-2.8984375,-61.3021387675025
-2.89453125,-61.6693903886324
-2.890625,-61.610629928414
-2.88671875,-61.1624289313875
-2.8828125,-60.5977564992824
-2.87890625,-60.1792848199654
-2.875,-60.0495120048061
-2.87109375,-60.2436189989877
-2.8671875,-60.702662108677
-2.86328125,-61.2539416402047
-2.859375,-61.6145760405601
-2.85546875,-61.5470847929534
-2.8515625,-61.093929773832
-2.84765625,-60.5298972990899
-2.84375,-60.1157393339624
-2.83984375,-59.9916967330735
-2.8359375,-60.1912015892833
-2.83203125,-60.653476382855
-2.828125,-61.2035508335102
-2.82421875,-61.5574744698784
-2.8203125,-61.4812595481735
-2.81640625,-61.023240574121
-2.8125,-60.4599300137611
-2.80859375,-60.0501289633539
-2.8046875,-59.9318284037297
-2.80078125,-60.1367142518282
-2.796875,-60.6021644269704
-2.79296875,-61.150932616862
-2.7890625,-61.4980521955283
-2.78515625,-61.4131219611377
-2.78125,-60.950329199001
-2.77734375,-60.3878218342414
-2.7734375,-59.9824204552715
-2.76953125,-59.8698735754346
-2.765625,-60.0801232463071
-2.76171875,-60.548691738957
-2.7578125,-61.0960515361875
-2.75390625,-61.4362739974079
-2.75,-61.3426380084433
-2.74609375,-60.875161673216
-2.7421875,-60.3135381017902
-2.73828125,-59.9125787217161
-2.734375,-59.8057969933574
-2.73046875,-60.0213930324699
-2.7265625,-60.4930220165263
-2.72265625,-61.0388703236164
-2.71875,-61.3721028212123
-2.71484375,-61.2697717762519
-2.7109375,-60.7977020776134
-2.70703125,-60.2370422066703
-2.703125,-59.8405667420464
-2.69921875,-59.7395614889539
-2.6953125,-59.9604861747479
-2.69140625,-60.4351170596127
-2.6875,-60.9793497989209
-2.68359375,-61.3054996738205
-2.6796875,-61.1944853516195
-2.67578125,-60.7179124407011
-2.671875,-60.1582954777787
-2.66796875,-59.7663454524215
-2.6640625,-59.6711278749928
-2.66015625,-59.8973632360691
-2.65625,-60.3749366679999
-2.65234375,-60.9174487588654
-2.6484375,-61.2364235166217
-2.64453125,-61.1167387070097
-2.640625,-60.6357526165511
-2.63671875,-60.0772570692882
-2.6328125,-59.6898736202385
-2.62890625,-59.6004548348382
-2.625,-59.831982663743
-2.62109375,-60.312438510945
-2.6171875,-60.8531239026621
-2.61328125,-61.1648311050499
-2.609375,-61.0364895460202
-2.60546875,-60.5511802200958
-2.6015625,-59.9938837523174
-2.59765625,-59.6111077458951
-2.59375,-59.5274988594129
-2.58984375,-59.7643006158278
-2.5859375,-60.2475780812314
-2.58203125,-60.7863294672986
-2.578125,-61.0906771161742
-2.57421875,-60.9536932119175
-2.5703125,-60.4641501771291
-2.56640625,-59.9081302420045
-2.5625,-59.5300018813743
-2.55859375,-59.4522134634318
-2.5546875,-59.6942713419664
-2.55078125,-60.1803081248999
-2.546875,-60.7170179827224
-2.54296875,-61.0139132812655
-2.5390625,-60.8683025931379
-2.53515625,-60.3746152566728
-2.53125,-59.819947418768
-2.52734375,-59.4465077701944
-2.5234375,-59.3745512120897
-2.51953125,-59.6218447641644
-2.515625,-60.1105803475633
-2.51171875,-60.6451380210504
-2.5078125,-60.9344889396245
-2.50390625,-60.7802679599302
-2.5,-60.2825255123363
-2.49609375,-59.7292848516658
-2.4921875,-59.3605743622982
-2.48828125,-59.2944588388383
-2.484375,-59.5469720521666
-2.48046875,-60.0383411566349
-2.4765625,-60.5706363338961
-2.47265625,-60.8523525639615
-2.46875,-60.6895351792211
-2.46484375,-60.1878271671964
-2.4609375,-59.6360887943021
-2.45703125,-59.2721467827684
-2.453125,-59.2118837143171
-2.44921875,-59.4695974401614
-2.4453125,-59.9635368421882
-2.44140625,-60.4934575607968
-2.4375,-60.7674437536143
-2.43359375,-60.5960543324709
-2.4296875,-60.0904601311044
-2.42578125,-59.5403032888157
-2.421875,-59.1811679523142
-2.41796875,-59.1267698266741
-2.4140625,-59.3896607672947
-2.41015625,-59.8861094878304
-2.40625,-60.4135427540753
-2.40234375,-60.6797078010395
-2.3984375,-60.4997532002129
-2.39453125,-59.9903772943277
-2.390625,-59.4418664099269
-2.38671875,-59.0875739866364
-2.3828125,-59.0390553282616
-2.37890625,-59.307108636351
-2.375,-59.8059931258168
-2.37109375,-60.3308296114233
-2.3671875,-60.5890796498512
-2.36328125,-60.4005799794672
-2.359375,-59.8875013377139
-2.35546875,-59.3407108598294
-2.3515625,-58.991308417773
-2.34765625,-58.9486803625829
-2.34375,-59.2218643903404
-2.33984375,-59.723129903267
-2.3359375,-60.2452556670556
-2.33203125,-60.4954900908901
-2.328125,-60.2984686599859
-2.32421875,-59.7817671379141
-2.3203125,-59.2367839766717
-2.31640625,-58.8922907563777
-2.3125,-58.855569865342
-2.30859375,-59.1338685063916
-2.3046875,-59.6374560413377
-2.30078125,-60.1567386403223
-2.296875,-60.3988675860701
-2.29296875,-60.1933501703372
-2.2890625,-59.6731103138051
-2.28515625,-59.1299776324211
-2.28125,-58.7904742479139
-2.27734375,-58.7596419512326
-2.2734375,-59.0430788488653
-2.26953125,-59.548865652936
-2.265625,-60.0652205877836
-2.26171875,-60.2991403516976
-2.2578125,-60.085146865701
-2.25390625,-59.5614523375995
-2.25,-59.0202622924829
-2.24609375,-58.6857420395371
-2.2421875,-58.6608404222476
-2.23828125,-58.9493866534555
-2.234375,-59.4573149852702
-2.23046875,-59.9705935749243
-2.2265625,-60.1962399364726
-2.22265625,-59.9737845686021
-2.21875,-59.4466680352157
-2.21484375,-58.9075597015321
-2.2109375,-58.5780508768879
-2.20703125,-58.5590821507069
-2.203125,-58.8526608279006
-2.19921875,-59.362780562436
-2.1953125,-59.8727674171003
-2.19140625,-60.0901164758542
-2.1875,-59.8591134556853
-2.18359375,-59.328819199001
-2.1796875,-58.7916882048248
-2.17578125,-58.4672956143547
-2.171875,-58.4542720149639
-2.16796875,-58.7529148407429
-2.1640625,-59.2650413285487
-2.16015625,-59.7717540930851
-2.15625,-59.9805208292514
-2.15234375,-59.7412510765911
-2.1484375,-59.2075978955497
-2.14453125,-58.6726376945389
-2.140625,-58.3534280816291
-2.13671875,-58.3463315952004
-2.1328125,-58.6499908619159
-2.12890625,-59.1640204236957
-2.125,-59.667461868995
-2.12109375,-59.8675127675274
-2.1171875,-59.6197982646199
-2.11328125,-59.0830295502024
-2.109375,-58.5503809823208
-2.10546875,-58.2362728714807
-2.1015625,-58.2350799523995
-2.09765625,-58.5438509750098
-2.09375,-59.0598037043998
-2.08984375,-59.5595397371306
-2.0859375,-59.7510771176633
-2.08203125,-59.4946605776182
-2.078125,-58.9551387724094
-2.07421875,-58.4245978264578
-2.0703125,-58.1159081497017
-2.06640625,-58.1204486150477
-2.0625,-58.4343180906353
-2.05859375,-58.9521345482064
-2.0546875,-59.4481021375412
-2.05078125,-59.6309113231182
-2.046875,-59.366183320909
-2.04296875,-58.8236128500384
-2.0390625,-58.2952668735008
-2.03515625,-57.9918128501039
-2.03125,-58.0025957018663
-2.02734375,-58.3212049361127
-2.0234375,-58.8409907685393
-2.01953125,-59.3329792131841
-2.015625,-59.5067723793426
-2.01171875,-59.2341102846588
-2.0078125,-58.6880428985741
-2.00390625,-58.1628666542264
-2,-57.8638060127456
-1.99609375,-57.8812993560529
-1.9921875,-58.2045241408445
-1.98828125,-58.7260314643055
-1.984375,-59.214254392428
-1.98046875,-59.3790402490991
-1.9765625,-59.0972859067794
-1.97265625,-58.5492888987822
-1.96875,-58.0259524751974
-1.96484375,-57.7327187778632
-1.9609375,-57.7558800779206
-1.95703125,-58.0846624862867
-1.953125,-58.6069699011056
-1.94921875,-59.0913400442113
-1.9453125,-59.2467152577156
-1.94140625,-58.9583967206493
-1.9375,-58.4055300150398
-1.93359375,-57.8859900548458
-1.9296875,-57.5966315955011
-1.92578125,-57.6275385941271
-1.921875,-57.9597925672853
-1.91796875,-58.4845730276088
-1.9140625,-58.9646440810673
-1.91015625,-59.1110453562895
-1.90625,-58.813210971953
-1.90234375,-58.2584471176753
-1.8984375,-57.7414491917681
-1.89453125,-57.4583125075504
-1.890625,-57.4935551589371
-1.88671875,-57.8323497022424
-1.8828125,-58.357305476762
-1.87890625,-58.8349968206618
-1.875,-58.9687102592945
-1.87109375,-58.6649756025102
-1.8671875,-58.1072034921432
-1.86328125,-57.5917998442792
-1.859375,-57.3157301628679
-1.85546875,-57.3558051545327
-1.8515625,-57.6999069770314
-1.84765625,-58.2273040645024
-1.84375,-58.698720498413
-1.83984375,-58.8259241750347
-1.8359375,-58.5070575316855
-1.83203125,-57.9548286462604
-1.828125,-57.4370474668184
-1.82421875,-57.1690799664156
-1.8203125,-57.2143416936737
-1.81640625,-57.561409800408
-1.8125,-58.094639199147
-1.80859375,-58.5577343122043
-1.8046875,-58.6738320724033
-1.80078125,-58.3556477809435
-1.796875,-57.7880019869772
-1.79296875,-57.2812274795017
-1.7890625,-57.0153593014564
-1.78515625,-57.0691757634948
-1.78125,-57.4242610398572
-1.77734375,-57.9495240947045
-1.7734375,-58.4098892602479
-1.76953125,-58.5260424007005
-1.765625,-58.1846750166857
-1.76171875,-57.6287763803801
-1.7578125,-57.1182305790263
-1.75390625,-56.8590509740723
-1.75,-56.9183282281701
-1.74609375,-57.2733072104865
-1.7421875,-57.8093242896863
-1.73828125,-58.2624629428913
-1.734375,-58.361959710716
-1.73046875,-58.0220932977707
-1.7265625,-57.4556663996394
-1.72265625,-56.953136458283
-1.71875,-56.6943342331866
-1.71484375,-56.7657960091632
-1.7109375,-57.122325305361
-1.70703125,-57.6580138154146
-1.703125,-58.1130316924835
-1.69921875,-58.1874929296054
-1.6953125,-57.8540815124503
-1.69140625,-57.2751985140624
-1.6875,-56.7799997474563
-1.68359375,-56.5344132333993
-1.6796875,-56.5964340960774
-1.67578125,-56.9703129389291
-1.671875,-57.5054741346177
-1.66796875,-57.9386249635066
-1.6640625,-58.0356630316308
-1.66015625,-57.667740225875
-1.65625,-57.0888611888201
-1.65234375,-56.6112708649569
-1.6484375,-56.348879797543
-1.64453125,-56.4382342277283
-1.640625,-56.8039989607412
-1.63671875,-57.3460527404077
-1.6328125,-57.7796082527866
-1.62890625,-57.8509718138332
-1.625,-57.4839711953419
-1.62109375,-56.9084234661204
-1.6171875,-56.4241735885023
-1.61328125,-56.1682509601295
-1.609375,-56.2566076651705
-1.60546875,-56.6698964793446
-1.6015625,-57.1505230058546
-1.59765625,-57.5942547792232
-1.59375,-57.7031705542071
-1.58984375,-57.2891823121117
-1.5859375,-56.71434011633
-1.58203125,-56.2083134321798
-1.578125,-56.0159601715721
-1.57421875,-56.0782166101928
-1.5703125,-56.462091108168
-1.56640625,-57.0261336841808
-1.5625,-57.4078217023775
-1.55859375,-57.4620999681949
-1.5546875,-57.1026767722664
-1.55078125,-56.5203320374938
-1.546875,-56.0294055897352
-1.54296875,-55.8278015795865
-1.5390625,-55.857160973161
-1.53515625,-56.3323890329409
-1.53125,-56.7876261012039
-1.52734375,-57.2527688451741
-1.5234375,-57.3079339494959
-1.51953125,-56.839881734162
-1.515625,-56.3427829382864
-1.51171875,-55.8409631649873
-1.5078125,-55.581327447427
-1.50390625,-55.7245777759727
-1.5,-56.1042678039299
-1.49609375,-56.6107868758993
-1.4921875,-57.1088708436155
-1.48828125,-57.008199028267
-1.484375,-56.7056380711813
-1.48046875,-56.1073107577876
-1.4765625,-55.5820031648122
-1.47265625,-55.4512665406698
-1.46875,-55.4707290761176
-1.46484375,-55.9233412119112
-1.4609375,-56.4016402742132
-1.45703125,-56.9155427296332
-1.453125,-56.8193452341571
-1.44921875,-56.4727431116335
-1.4453125,-55.8920860935605
-1.44140625,-55.3998087118019
-1.4375,-55.1633084245354
-1.43359375,-55.3538447432182
-1.4296875,-55.6352528566996
-1.42578125,-56.2559496187038
-1.421875,-56.6680834526889
-1.41796875,-56.6419793259217
-1.4140625,-56.2003821736885
-1.41015625,-55.6750974110821
-1.40625,-55.1570526453938
-1.40234375,-54.9782079871738
-1.3984375,-55.0755388055029
-1.39453125,-55.509337735379
-1.390625,-56.0219362874569
-1.38671875,-56.4386583233637
-1.3828125,-56.4100984451895
-1.37890625,-55.9950545451747
-1.375,-55.4022619628668
-1.37109375,-54.9300385911878
-1.3671875,-54.7354699053994
-1.36328125,-54.863020372618
-1.359375,-55.2780199567505
-1.35546875,-55.8163327200854
-1.3515625,-56.2039331990398
-1.34765625,-56.1801259952766
-1.34375,-55.7497569819267
-1.33984375,-55.149890611479
-1.3359375,-54.682655965004
-1.33203125,-54.4898563614285
-1.328125,-54.6332947638456
-1.32421875,-55.049304053258
-1.3203125,-55.586392104453
-1.31640625,-55.9687522461473
-1.3125,-55.9333259862966
-1.30859375,-55.4858112766153
-1.3046875,-54.8905489830128
-1.30078125,-54.4246185173605
-1.296875,-54.2412997474773
-1.29296875,-54.3862235573425
-1.2890625,-54.8096371777995
-1.28515625,-55.3461257568143
-1.28125,-55.7235484739567
-1.27734375,-55.6698074121449
-1.2734375,-55.2166775865015
-1.26953125,-54.6160382818114
-1.265625,-54.1552010156093
-1.26171875,-53.9759820814278
-1.2578125,-54.131754102986
-1.25390625,-54.557726161284
-1.25,-55.0971761939545
-1.24609375,-55.4643905252977
-1.2421875,-55.3985535726392
-1.23828125,-54.9277300311769
-1.234375,-54.3302511198622
-1.23046875,-53.8723457837521
-1.2265625,-53.7043136086105
-1.22265625,-53.854032652591
-1.21875,-54.3052147691282
-1.21484375,-54.8216886065793
-1.2109375,-55.1913687890567
-1.20703125,-55.1132284911855
-1.203125,-54.6311604871107
-1.19921875,-54.0276506588928
-1.1953125,-53.5705278154648
-1.19140625,-53.4119558976206
-1.1875,-53.5754970385774
-1.18359375,-54.0155779919038
-1.1796875,-54.5575845203015
-1.17578125,-54.9014295221416
-1.171875,-54.8049181865751
-1.16796875,-54.313992776304
-1.1640625,-53.7151730182235
-1.16015625,-53.2511958342984
-1.15625,-53.10017384045
-1.15234375,-53.284229154043
-1.1484375,-53.7206735803042
-1.14453125,-54.2607386564875
-1.140625,-54.5972996157439
-1.13671875,-54.4862023147504
-1.1328125,-53.982401245624
-1.12890625,-53.3740270139534
-1.125,-52.9193551440655
-1.12109375,-52.7819363753564
-1.1171875,-52.9489350881337
-1.11328125,-53.4264978518797
-1.109375,-53.9404503849549
-1.10546875,-54.2652903612054
-1.1015625,-54.1649773790943
-1.09765625,-53.6170790658762
-1.09375,-53.01684984045
-1.08984375,-52.5675171983038
-1.0859375,-52.4319183385056
-1.08203125,-52.61771883792
-1.078125,-53.0884638550639
-1.07421875,-53.6123230958496
-1.0703125,-53.9490278589148
-1.06640625,-53.7688602165523
-1.0625,-53.2608384280575
-1.05859375,-52.6234011544334
-1.0546875,-52.197186053701
-1.05078125,-52.0611963499638
-1.046875,-52.2635975773835
-1.04296875,-52.7436540481973
-1.0390625,-53.2528866883687
-1.03515625,-53.5735961075634
-1.03125,-53.397827404315
-1.02734375,-52.8483056433968
-1.0234375,-52.2181564044929
-1.01953125,-51.7975247046074
-1.015625,-51.6824744007837
-1.01171875,-51.8524301020185
-1.0078125,-52.4173466635008
-1.00390625,-52.8146237926337
-1,-53.2746663200773
-0.99609375,-52.9181989270729
-0.9921875,-52.4522736554897
-0.98828125,-51.7608129366351
-0.984375,-51.370323478615
-0.98046875,-51.2473282688891
-0.9765625,-51.5142324811142
-0.97265625,-51.9722127563946
-0.96875,-52.5094639771055
-0.96484375,-52.8254967199953
-0.9609375,-52.4672117571756
-0.95703125,-52.0019305897251
-0.953125,-51.2983197199376
-0.94921875,-50.9258875617334
-0.9453125,-50.6839453327678
-0.94140625,-51.2970046638559
-0.9375,-51.5583851185657
-0.93359375,-52.0686313296231
-0.9296875,-52.2940037753816
-0.92578125,-52.1603777934988
-0.921875,-51.4849701417474
-0.91796875,-50.8237662455466
-0.9140625,-50.4831914581674
-0.91015625,-50.3890766312631
-0.90625,-50.690471884405
-0.90234375,-51.1350693699286
-0.8984375,-51.7836596683486
-0.89453125,-51.6597815330728
-0.890625,-51.8347398521515
-0.88671875,-51.0418166495916
-0.8828125,-50.2970028809712
-0.87890625,-49.8444698032829
-0.875,-50.1864883595137
-0.87109375,-49.9488802011316
-0.8671875,-51.072525527904
-0.86328125,-51.3297293199878
-0.859375,-51.7027868072055
-0.85546875,-51.0823008749955
-0.8515625,-50.706803170677
-0.84765625,-49.7626033193858
-0.84375,-49.6871778683975
-0.83984375,-49.8672668699773
-0.8359375,-48.9954030678596
-0.83203125,-51.2881226773371
-0.828125,-49.8726879345542
-0.82421875,-51.7284060971252
-0.8203125,-50.108796302836
-0.81640625,-50.3407681892242
-0.8125,-49.2467991934624
-0.80859375,-49.1851949453514
-0.8046875,-49.4011671636839
-0.80078125,-49.4825370907503
-0.796875,-50.7322899327396
-0.79296875,-50.9968486855496
-0.7890625,-50.830326908571
-0.78515625,-50.8596208165019
-0.78125,-47.3133757672795
-0.77734375,-48.8054193564474
-0.7734375,-49.7059428517598
-0.76953125,-46.83312052282
-0.765625,-49.560268165344
-0.76171875,-49.1763021156449
-0.7578125,-49.8258413539362
-0.75390625,-50.6922501827567
-0.75,-50.2858829583855
-0.74609375,-49.5468157315738
-0.7421875,-49.0504493951141
-0.73828125,-48.427545352751
-0.734375,-47.6015029819899
-0.73046875,-47.5561893490375
-0.7265625,-49.0834031883507
-0.72265625,-45.2542572590916
-0.71875,-47.856409711306
-0.71484375,-47.3962514313033
-0.7109375,-46.481783648658
-0.70703125,-47.2500766668861
-0.703125,-49.240422323984
-0.69921875,-46.4140197086671
-0.6953125,-49.4303546151756
-0.69140625,-50.0395322667934
-0.6875,-49.8433109644904
-0.68359375,-48.5712449343682
-0.6796875,-45.782691461755
-0.67578125,-47.3072762458829
-0.671875,-43.3960048453405
-0.66796875,-47.2422400212667
-0.6640625,-42.2882853269584
-0.66015625,-40.5506063289504
-0.65625,-41.8166542823432
-0.65234375,-39.8662867762152
-0.6484375,-44.5825069579288
-0.64453125,-44.6374751980477
-0.640625,-45.0285045578825
-0.63671875,-44.3434951625244
-0.6328125,-40.0154960127243
-0.62890625,-35.7440044235221
-0.625,-32.8885360735537
-0.62109375,-29.5380920016584
-0.6171875,-28.0471040854687
-0.61328125,-25.2610824333189
-0.609375,-24.6898072974811
-0.60546875,-21.349311930817
-0.6015625,-17.418658720613
-0.59765625,-15.8668222007807
-0.59375,-16.2524335023168
-0.58984375,-15.9607166519079
-0.5859375,-17.0137586564646
-0.58203125,-17.6151734065755
-0.578125,-16.0588733996076
-0.57421875,-14.8226328773905
-0.5703125,-14.7626573815794
-0.56640625,-12.8981965063422
-0.5625,-11.816137049673
-0.55859375,-10.5368592282544
-0.5546875,-7.24295660628034
-0.55078125,-7.64375908637323
-0.546875,-10.2674987650016
-0.54296875,-8.39453493915899
-0.5390625,-7.23019444750733
-0.53515625,-9.39212800479023
-0.53125,-7.2943889840261
-0.52734375,-7.69282667662394
-0.5234375,-9.20866104536284
-0.51953125,-8.23861621447182
-0.515625,-7.78572784592995
-0.51171875,-6.84283031803526
-0.5078125,-6.71299897673534
-0.50390625,-6.94544432374686
-0.5,-5.82945980503474
-0.49609375,-5.38225130517071
-0.4921875,-4.7086083866453
-0.48828125,-5.61649155652303
-0.484375,-7.60986305158324
-0.48046875,-7.32867374189293
-0.4765625,-5.30725598037728
-0.47265625,-4.53217768886521
-0.46875,-4.06580395106905
-0.46484375,-5.64860598649972
-0.4609375,-5.41632309553129
-0.45703125,-4.51466087102616
-0.453125,-3.88542078587996
-0.44921875,-4.82556970312514
-0.4453125,-7.39163562794353
-0.44140625,-4.30322122720042
-0.4375,-2.6457658304872
-0.43359375,-2.39938548927586
-0.4296875,-2.56721711163547
-0.42578125,-4.03482220752547
-0.421875,-5.04340075818336
-0.41796875,-5.80417972187958
-0.4140625,-1.77165193009773
-0.41015625,-1.36996714720478
-0.40625,-4.02076409330373
-0.40234375,-2.73186846126073
-0.3984375,-3.31836533062901
-0.39453125,-2.16846651842396
-0.390625,-1.94358930606321
-0.38671875,-1.81324698274768
-0.3828125,-0.632848018069812
-0.37890625,-3.45186035531366
-0.375,-3.92604055123416
-0.37109375,-5.74794580436165
-0.3671875,-7.62970385317774
-0.36328125,-3.86517028373119
-0.359375,-3.28408864119853
-0.35546875,-3.61523469309128
-0.3515625,-1.1687741463889
-0.34765625,-0.276261996651031
-0.34375,-2.27751343819878
-0.33984375,-2.15849840938387
-0.3359375,-2.65586487212047
-0.33203125,-3.29887237655067
-0.328125,-1.29435545240563
-0.32421875,-1.59374497386126
-0.3203125,-2.5826772130343
-0.31640625,-3.80069812313694
-0.3125,-4.37808421558971
-0.30859375,-1.50869081684897
-0.3046875,-2.64174891237883
-0.30078125,-3.17047969906002
-0.296875,-3.51892010154335
-0.29296875,-4.18826170017314
-0.2890625,-4.30522932825628
-0.28515625,-2.92292387509503
-0.28125,-1.56386847471799
-0.27734375,-1.30615800458337
-0.2734375,-2.36102035066661
-0.26953125,-3.94584702255707
-0.265625,-4.06715780533849
-0.26171875,-4.10078781262802
-0.2578125,-4.59876233412793
-0.25390625,-4.84507621321891
-0.25,-7.5640120056617
-0.24609375,-5.93725149176419
-0.2421875,-3.45811996250359
-0.23828125,-2.61775708029259
-0.234375,-2.69250752250954
-0.23046875,-2.40675236581259
-0.2265625,-1.54192920572966
-0.22265625,-2.59461859180068
-0.21875,-2.97670495008338
-0.21484375,-3.47338224956949
-0.2109375,-3.07683843686557
-0.20703125,-2.27283859825782
-0.203125,-3.13316438310989
-0.19921875,-3.12193627079708
-0.1953125,-2.61988563392794
-0.19140625,-2.90941430723393
-0.1875,-3.68271657831596
-0.18359375,-3.00674301361286
-0.1796875,-4.57471961011439
-0.17578125,-4.28251279733963
-0.171875,-3.48689275326768
-0.16796875,-3.30424578861433
-0.1640625,-4.91018299266194
-0.16015625,-5.75343817985548
-0.15625,-2.84430347177059
-0.15234375,-0.957930964509988
-0.1484375,-1.47490294096351
-0.14453125,-2.0710985883201
-0.140625,-1.58227864642712
-0.13671875,0
-0.1328125,-0.845608992057116
-0.12890625,-1.92402190417947
-0.125,-2.61365556466161
-0.12109375,-3.34915320707648
-0.1171875,-4.78808807849649
-0.11328125,-1.1616916805532
-0.109375,-1.88068276578327
-0.10546875,-1.36585832136795
-0.1015625,-4.34096073712532
-0.09765625,-5.89924264063604
-0.09375,-3.54135613318834
-0.08984375,-2.47006977292511
-0.0859375,-2.56137384861418
-0.08203125,-2.36107443035536
-0.078125,-3.05838803232989
-0.07421875,-1.87671696155185
-0.0703125,-0.876376604815897
-0.06640625,-3.14306459835244
-0.0625,-5.48424058379385
-0.05859375,-3.11224051723003
-0.0546875,-2.63700961322819
-0.05078125,-3.06921120190286
-0.046875,-0.822728034802212
-0.04296875,-3.26196388454603
-0.0390625,-4.19767824715071
-0.03515625,-2.64449627586717
-0.03125,-3.67014061248559
-0.02734375,-3.78262005777616
-0.0234375,-3.26762449217115
-0.01953125,-3.49845833144088
-0.015625,-4.23114338677063
-0.01171875,-5.05102115091862
-0.0078125,-4.16837061465024
-0.00390625,-2.9535866041437
0,-4.08512002075621
0.00390625,-4.29072271752228
0.0078125,-4.57298217440476
0.01171875,-2.60114940664748
0.015625,-3.5072935005068
0.01953125,-5.17667810012167
0.0234375,-4.6560915553392
0.02734375,-4.21751687917496
0.03125,-1.75973385660651
0.03515625,-2.07525269739211
0.0390625,-1.61246159640661
0.04296875,-2.44475760642968
0.046875,-1.06599929847991
0.05078125,-2.0856226442239
0.0546875,-3.42928605796639
0.05859375,-0.281998989376582
0.0625,-2.13586623828177
0.06640625,-2.66929535961302
0.0703125,-0.492805235941736
0.07421875,-2.3552136956888
0.078125,-2.32441924998438
0.08203125,-1.23896346358808
0.0859375,-3.6205923724804
0.08984375,-3.47516420198658
0.09375,-2.41797308318093
0.09765625,-2.7167104301062
0.1015625,-4.23225090539427
0.10546875,-2.4476722426131
0.109375,-4.43491665178909
0.11328125,-3.99222919789423
0.1171875,-2.27111154537046
0.12109375,-2.19826910613207
0.125,-2.03866214821194
0.12890625,-0.958669366091298
0.1328125,-2.20972438143746
0.13671875,-1.11754467667413
0.140625,-3.30086189702827
0.14453125,-4.4704529614592
0.1484375,-4.49860281252191
0.15234375,-4.63682190811287
0.15625,-4.2039893479423
0.16015625,-5.58210076599188
0.1640625,-2.83927267778704
0.16796875,-2.21884717443801
0.171875,-1.14393227607534
0.17578125,-1.4190380720339
0.1796875,-2.3136549660883
0.18359375,-1.35919327185917
0.1875,-2.40492773364854
0.19140625,-5.11723737362871
0.1953125,-4.50116428934789
0.19921875,-2.34852322633345
0.203125,-1.44732059888438
0.20703125,-4.93219722514982
0.2109375,-5.29799397272641
0.21484375,-4.68846878663463
0.21875,-1.05584635088732
0.22265625,-2.2306647146836
0.2265625,-2.95410062963276
0.23046875,-1.91576622454554
0.234375,-3.30088801876246
0.23828125,-3.16521758035157
0.2421875,-2.99203314440026
0.24609375,-2.48704375376476
0.25,-3.50817194596628
0.25390625,-5.22958546183416
0.2578125,-3.26309399435929
0.26171875,-2.44439686717108
0.265625,-3.50387382823751
0.26953125,-4.43673879391817
0.2734375,-3.32736818725164
0.27734375,-2.0279700155586
0.28125,-2.68757085443698
0.28515625,-4.25649482551109
0.2890625,-5.22856040459676
0.29296875,-7.75397943903049
0.296875,-4.72798703880186
0.30078125,-3.31557978678681
0.3046875,-3.49165760489995
0.30859375,-5.22036603508889
0.3125,-5.50178620212463
0.31640625,-3.72140765370127
0.3203125,-3.41752511437256
0.32421875,-6.76240047369439
0.328125,-8.07828673487286
0.33203125,-6.42790878579811
0.3359375,-6.48634031479497
0.33984375,-2.74457015921592
0.34375,-1.88613655375942
0.34765625,-1.79885005281501
0.3515625,-1.10003169337537
0.35546875,-0.21778688371493
0.359375,-1.11083646500964
0.36328125,-2.31521773720969
0.3671875,-4.97206561309952
0.37109375,-5.60144173944567
0.375,-3.76596240974994
0.37890625,-4.09415636275634
0.3828125,-4.08851967252907
0.38671875,-3.55819338702537
0.390625,-4.3810311650186
0.39453125,-3.0402680411567
0.3984375,-0.418020697461003
0.40234375,-0.0154293007098646
0.40625,-1.24729152409543
0.41015625,-2.29606951668459
0.4140625,-4.17762866144845
0.41796875,-6.02238421729041
0.421875,-5.33495236516515
0.42578125,-4.86682480326537
0.4296875,-5.57104560764187
0.43359375,-4.55033459301604
0.4375,-3.96575402802911
0.44140625,-3.67176611579632
0.4453125,-0.788931043421028
0.44921875,-1.61693193907989
0.453125,-4.84300273975247
0.45703125,-3.61749234520715
0.4609375,-2.92283305539614
0.46484375,-5.41046556510632
0.46875,-4.00603940400584
0.47265625,-4.71259465775583
0.4765625,-6.68501957133145
0.48046875,-6.27471941145139
0.484375,-6.15113278386721
0.48828125,-5.6674858504809
0.4921875,-5.87828055400026
0.49609375,-6.56582779489407
0.5,-5.82883802466156
0.50390625,-5.83548248676977
0.5078125,-5.49557438191265
0.51171875,-6.75976564913536
0.515625,-9.17013427894818
0.51953125,-9.43296294479497
0.5234375,-7.79984619087746
0.52734375,-7.51431719466239
0.53125,-7.37122985994841
0.53515625,-9.41950138618575
0.5390625,-9.77659357456056
0.54296875,-9.36585359150636
0.546875,-9.23372326262779
0.55078125,-10.6512527732517
0.5546875,-13.7771438859967
0.55859375,-11.6581507352231
0.5625,-10.3722538304948
0.56640625,-10.8824575807006
0.5703125,-11.7469593395495
0.57421875,-13.7867539060389
0.578125,-15.7880642461125
0.58203125,-17.5756052140761
0.5859375,-14.6704932085574
0.58984375,-14.7341761293312
0.59375,-18.818240471024
0.59765625,-18.5484649957322
0.6015625,-20.5845348163284
0.60546875,-20.9318754711946
0.609375,-21.9821483064832
0.61328125,-24.0140630946885
0.6171875,-24.319444947991
0.62109375,-28.6268089009284
0.625,-32.7836349890075
0.62890625,-36.2434451221764
0.6328125,-42.0967819411871
0.63671875,-45.0862362733956
0.640625,-47.5471901939001
0.64453125,-48.1343956214321
0.6484375,-40.9481347485651
0.65234375,-40.8307605879305
0.65625,-39.9508807838816
0.66015625,-41.9365416652747
0.6640625,-39.5377023567935
0.66796875,-42.4046005910328
0.671875,-40.7792315595891
0.67578125,-43.3094092477395
0.6796875,-44.6267264461149
0.68359375,-49.3377476920068
0.6875,-48.9750320516596
0.69140625,-50.692757826642
0.6953125,-50.9829877994378
0.69921875,-47.5920556441676
0.703125,-47.4471860560357
0.70703125,-47.1090060924781
0.7109375,-47.7538850978791
0.71484375,-44.4105061823576
0.71875,-47.232719244495
0.72265625,-44.8830430706187
0.7265625,-48.7696602567381
0.73046875,-48.2186456286816
0.734375,-48.05188324057
0.73828125,-49.3529628470847
0.7421875,-49.621613757409
0.74609375,-49.2312560496567
0.75,-49.9724697331729
0.75390625,-50.8334118677829
0.7578125,-50.4685225710328
0.76171875,-49.6100355619326
0.765625,-47.6346592651784
0.76953125,-51.4098376017163
0.7734375,-47.2544775343004
0.77734375,-48.2208396636799
0.78125,-49.6624204650245
0.78515625,-49.2291589313824
0.7890625,-49.2433905151716
0.79296875,-52.1434096914628
0.796875,-50.7427141723069
0.80078125,-50.5296905641603
0.8046875,-49.7788258176285
0.80859375,-49.5415866209228
0.8125,-48.603341985954
0.81640625,-50.2587411829977
0.8203125,-49.6704789966379
0.82421875,-51.4699937049565
0.828125,-51.1250623838354
0.83203125,-50.2338217762423
0.8359375,-50.4472624923006
0.83984375,-50.2033132570846
0.84375,-48.9914751812214
0.84765625,-49.8348777531269
0.8515625,-49.747110180607
0.85546875,-50.6482951195494
0.859375,-51.4823337361838
0.86328125,-51.6283652215395
0.8671875,-51.3377314522345
0.87109375,-50.5637247711914
0.875,-50.3001429886693
0.87890625,-49.4214165428169
0.8828125,-50.2024190683231
0.88671875,-50.0778193613527
0.890625,-51.3036092980434
0.89453125,-51.3996244889931
0.8984375,-52.0614411770774
0.90234375,-51.6848925669368
0.90625,-50.9530421836457
0.91015625,-50.3924597110632
0.9140625,-50.1551224398313
0.91796875,-50.2527004808045
0.921875,-50.8188190584682
0.92578125,-51.5012323452283
0.9296875,-52.2986343189072
0.93359375,-52.3644498388836
0.9375,-51.9405246524601
0.94140625,-51.2163191899154
0.9453125,-50.8559010082307
0.94921875,-50.5080382189838
0.953125,-50.7494914470012
0.95703125,-51.263187919577
0.9609375,-51.9728635204173
0.96484375,-52.7120914271428
0.96875,-52.7716576421043
0.97265625,-52.3437398945222
0.9765625,-51.6586249906312
0.98046875,-51.1352589864312
0.984375,-50.9523106834998
0.98828125,-51.1606815412442
0.9921875,-51.7369359461698
0.99609375,-52.3927601438118
1,-53.1529918566942
1.00390625,-53.1444730478272
1.0078125,-52.7297140619312
1.01171875,-51.9998254197153
1.015625,-51.5329869508823
1.01953125,-51.3456883692164
1.0234375,-51.58042709585
1.02734375,-52.1459881024082
1.03125,-52.9138098943444
1.03515625,-53.466313408601
1.0390625,-53.5451762384622
1.04296875,-53.0369382811822
1.046875,-52.383890709648
1.05078125,-51.8977451401711
1.0546875,-51.7264754921661
1.05859375,-51.9890731139557
1.0625,-52.5375515996801
1.06640625,-53.3338009205814
1.0703125,-53.8138494166758
1.07421875,-53.8976970845261
1.078125,-53.3855234380212
1.08203125,-52.7233339237736
1.0859375,-52.2427152698518
1.08984375,-52.1078167781449
1.09375,-52.3380526425574
1.09765625,-52.9519834304871
1.1015625,-53.6651127189295
1.10546875,-54.207082486145
1.109375,-54.2045130605065
1.11328125,-53.7152412949039
1.1171875,-53.0469219935852
1.12109375,-52.5793216696207
1.125,-52.4584562235227
1.12890625,-52.6995225891957
1.1328125,-53.2998578670173
1.13671875,-54.0187442190668
1.140625,-54.5417982560453
1.14453125,-54.5223093557171
1.1484375,-54.0142051019904
1.15234375,-53.3547551797825
1.15625,-52.9017387790964
1.16015625,-52.7854924594233
1.1640625,-53.0429563756507
1.16796875,-53.6277317999418
1.171875,-54.3620789778572
1.17578125,-54.8417366488364
1.1796875,-54.8200594320093
1.18359375,-54.3021621460179
1.1875,-53.6537109779613
1.19140625,-53.2059685261482
1.1953125,-53.0935194405307
1.19921875,-53.3627890823655
1.203125,-53.9532506565098
1.20703125,-54.6644012515606
1.2109375,-55.145181312863
1.21484375,-55.1018921607907
1.21875,-54.5728254678989
1.22265625,-53.9378915861368
1.2265625,-53.4960843152739
1.23046875,-53.3873125643656
1.234375,-53.6721466890927
1.23828125,-54.2555486367545
1.2421875,-54.9570324374509
1.24609375,-55.4269079634112
1.25,-55.3673886160718
1.25390625,-54.8394881498064
1.2578125,-54.2075242376269
1.26171875,-53.7674372785449
1.265625,-53.6749151814292
1.26953125,-53.9592144491042
1.2734375,-54.5425924896506
1.27734375,-55.2313072401898
1.28125,-55.7034813288057
1.28515625,-55.6222043880046
1.2890625,-55.0899303399868
1.29296875,-54.4620245629407
1.296875,-54.0353788621954
1.30078125,-53.9452692808509
1.3046875,-54.2306302256903
1.30859375,-54.8186936676873
1.3125,-55.5085291439188
1.31640625,-55.9496342614269
1.3203125,-55.8650652139364
1.32421875,-55.3324038837155
1.328125,-54.7045273911725
1.33203125,-54.2883212743665
1.3359375,-54.2053885881129
1.33984375,-54.4907373581702
1.34375,-55.0887924550142
1.34765625,-55.762879147346
1.3515625,-56.1911173317297
1.35546875,-56.1001582226234
1.359375,-55.5617374792966
1.36328125,-54.9430397034585
1.3671875,-54.5279354084545
1.37109375,-54.4491321989044
1.375,-54.7506724562697
1.37890625,-55.329643241608
1.3828125,-56.024360888047
1.38671875,-56.4221506590654
1.390625,-56.3108757225934
1.39453125,-55.7845257103924
1.3984375,-55.1725384632601
1.40234375,-54.7558252137608
1.40625,-54.6921770097027
1.41015625,-54.9917669594517
1.4140625,-55.5749844235338
1.41796875,-56.2400680559021
1.421875,-56.6494426325827
1.42578125,-56.5279695007898
1.4296875,-56.0061173322511
1.43359375,-55.369085061532
1.4375,-55.024158971717
1.44140625,-54.8991593712617
1.4453125,-55.2012198892922
1.44921875,-55.7765131121418
1.453125,-56.535694325177
1.45703125,-56.8317192015034
1.4609375,-56.800521279377
1.46484375,-56.1519425413278
1.46875,-55.5893527899521
1.47265625,-55.193540767329
1.4765625,-55.1476605636932
1.48046875,-55.4514321497953
1.484375,-56.019575664436
1.48828125,-56.6748328291937
1.4921875,-57.1136424263974
1.49609375,-56.8863619318901
1.5,-56.4498849906508
1.50390625,-55.7869029381193
1.5078125,-55.4282859676176
1.51171875,-55.3225950056652
1.515625,-55.6541258303457
1.51953125,-56.2620803265129
1.5234375,-56.9146725384681
1.52734375,-57.2706702730534
1.53125,-57.1038629008025
1.53515625,-56.6311763109376
1.5390625,-55.9556451151525
1.54296875,-55.6212872061559
1.546875,-55.5426938818282
1.55078125,-55.8721304650384
1.5546875,-56.4734551866122
1.55859375,-57.0910083704017
1.5625,-57.4761431199084
1.56640625,-57.3264111589263
1.5703125,-56.7833616451886
1.57421875,-56.146853651846
1.578125,-55.7992176287556
1.58203125,-55.7686013570414
1.5859375,-56.0745385144007
1.58984375,-56.6524409537914
1.59375,-57.2971802169617
1.59765625,-57.6634909161454
1.6015625,-57.4840259423127
1.60546875,-56.9470902812764
1.609375,-56.3709028760683
1.61328125,-55.9663003620858
1.6171875,-55.9600176036764
1.62109375,-56.2621623106553
1.625,-56.8602939347482
1.62890625,-57.5010313400016
1.6328125,-57.8291903177749
1.63671875,-57.6754757661303
1.640625,-57.0991666864971
1.64453125,-56.530498432272
1.6484375,-56.1657835444832
1.65234375,-56.1341797478079
1.65625,-56.4578572214686
1.66015625,-57.0407279524721
1.6640625,-57.6836952986671
1.66796875,-58.0077127878973
1.671875,-57.8420763021621
1.67578125,-57.270095774202
1.6796875,-56.6973193353928
1.68359375,-56.3285264035959
1.6875,-56.3197395230107
1.69140625,-56.642535258099
1.6953125,-57.2307284484123
1.69921875,-57.852170846455
1.703125,-58.1829173090195
1.70703125,-57.995029835935
1.7109375,-57.435706564623
1.71484375,-56.8492288114013
1.71875,-56.5060634195814
1.72265625,-56.486060886569
1.7265625,-56.8183532347301
1.73046875,-57.4132736189895
1.734375,-58.0211975817221
1.73828125,-58.3495950958854
1.7421875,-58.1443834089819
1.74609375,-57.5921700167998
1.75,-57.0122574440258
1.75390625,-56.6642276420761
1.7578125,-56.6539522420317
1.76171875,-56.9934938564151
1.765625,-57.5845163417324
1.76953125,-58.1918684567513
1.7734375,-58.5047422611376
1.77734375,-58.2922758266508
1.78125,-57.7405722312207
1.78515625,-57.1632847076793
1.7890625,-56.8244979348919
1.79296875,-56.8168772420404
1.796875,-57.1590414277359
1.80078125,-57.7513316602454
1.8046875,-58.3580225038599
1.80859375,-58.6545203686318
1.8125,-58.4398335643625
1.81640625,-57.8830973799768
1.8203125,-57.3101749529557
1.82421875,-56.9768316599735
1.828125,-56.9764747646013
1.83203125,-57.3200847904471
1.8359375,-57.913274528108
1.83984375,-58.5171395789116
1.84375,-58.8016493397551
1.84765625,-58.582647935851
1.8515625,-58.019736492469
1.85546875,-57.4538674382857
1.859375,-57.1227080030073
1.86328125,-57.130553586525
1.8671875,-57.4794216914234
1.87109375,-58.0697534019734
1.875,-58.6697053523581
1.87890625,-58.947583179275
1.8828125,-58.7162092644503
1.88671875,-58.1553685744149
1.890625,-57.5917000708759
1.89453125,-57.266397837863
1.8984375,-57.2790250671587
1.90234375,-57.6327456704538
1.90625,-58.2238475311439
1.91015625,-58.8188650016225
1.9140625,-59.0860073252096
1.91796875,-58.8478309937417
1.921875,-58.2849917539455
1.92578125,-57.7255473195502
1.9296875,-57.4057634153227
1.93359375,-57.4240203743498
1.9375,-57.7810093054753
1.94140625,-58.3734150669754
1.9453125,-58.9630694899056
1.94921875,-59.2206286606825
1.953125,-58.9760496175852
1.95703125,-58.4110523988136
1.9609375,-57.8547763748773
1.96484375,-57.5409296865394
1.96875,-57.5643814490814
1.97265625,-57.9262025273842
1.9765625,-58.5184316727056
1.98046875,-59.1033409052598
1.984375,-59.3512321426574
1.98828125,-59.0991998157299
1.9921875,-58.5331364688853
1.99609375,-57.98091902873
2,-57.6713542841928
2.00390625,-57.7016437064341
2.0078125,-58.066481890571
2.01171875,-58.6598119721281
2.015625,-59.2394569891172
2.01953125,-59.4783059090211
2.0234375,-59.2187144808835
2.02734375,-58.6512811866257
2.03125,-58.1024942772002
2.03515625,-57.7986983021675
2.0390625,-57.8344358710664
2.04296875,-58.2034400394842
2.046875,-58.7971989022478
2.05078125,-59.3716339519041
2.0546875,-59.6013927832754
2.05859375,-59.3345612794347
2.0625,-58.7656139411397
2.06640625,-58.2206820188822
2.0703125,-57.9221920644118
2.07421875,-57.9637222382188
2.078125,-58.3366719590519
2.08203125,-58.9305767425786
2.0859375,-59.5001960888201
2.08984375,-59.7208897305404
2.09375,-59.44664043108
2.09765625,-58.8765200581158
2.1015625,-58.3349824829784
2.10546875,-58.0424471755285
2.109375,-58.0891886798071
2.11328125,-58.4662149255325
2.1171875,-59.0606280094502
2.12109375,-59.6252360062628
2.125,-59.8365707229164
2.12890625,-59.5552281030845
2.1328125,-58.983884966502
2.13671875,-58.4460608144601
2.140625,-58.1589455489239
2.14453125,-58.2113103137242
2.1484375,-58.5924165695131
2.15234375,-59.1870429949248
2.15625,-59.7466932236072
2.16015625,-59.9488818253234
2.1640625,-59.6602516751279
2.16796875,-59.0880008826134
2.171875,-58.5536391825593
2.17578125,-58.2722100483644
2.1796875,-58.3301252001552
2.18359375,-58.7151091398697
2.1875,-59.3101984152549
2.19140625,-59.8646570032662
2.1953125,-60.0577290448361
2.19921875,-59.7620548654825
2.203125,-59.1888162231819
2.20703125,-58.6580287710724
2.2109375,-58.3821994745578
2.21484375,-58.4456584794739
2.21875,-58.8345977560291
2.22265625,-59.4300282460997
2.2265625,-59.979257563391
2.23046875,-60.1633109638794
2.234375,-59.8606003812517
2.23828125,-59.2864071323172
2.2421875,-58.7592913598816
2.24609375,-58.4890462626194
2.25,-58.5580515680696
2.25390625,-58.9508782409227
2.2578125,-59.5466423890443
2.26171875,-60.090689993995
2.265625,-60.2655905941647
2.26953125,-59.9560485026393
2.2734375,-59.3809232373962
2.27734375,-58.857487449565
2.28125,-58.5928127219881
2.28515625,-58.6673974755198
2.2890625,-59.064105587219
2.29296875,-59.660116102887
2.296875,-60.198969388426
2.30078125,-60.3647454501895
2.3046875,-60.0483730948722
2.30859375,-59.4724518845222
2.3125,-58.9527172484934
2.31640625,-58.6936050945627
2.3203125,-58.7737365258818
2.32421875,-59.1743517646747
2.328125,-59.770574407147
2.33203125,-60.3041144755697
2.3359375,-60.4608450688976
2.33984375,-60.1377323787133
2.34375,-59.5610368575357
2.34765625,-59.0450479434016
2.3515625,-58.7915140092792
2.35546875,-58.8771855560486
2.359375,-59.2816654429564
2.36328125,-59.8780608382262
2.3671875,-60.4062747449031
2.37109375,-60.5539347680899
2.375,-60.224162062717
2.37890625,-59.6467914077984
2.3828125,-59.1345502731283
2.38671875,-58.8866010601382
2.390625,-58.9778108427431
2.39453125,-59.386146093872
2.3984375,-59.9826558267605
2.40234375,-60.505491519773
2.40625,-60.6440919402036
2.41015625,-60.3077466959146
2.4140625,-59.729757422173
2.41796875,-59.2212992185883
2.421875,-58.9789482469379
2.42578125,-59.075685732216
2.4296875,-59.4878456402639
2.43359375,-60.0844321161762
2.4375,-60.6018276512522
2.44140625,-60.7313872064319
2.4453125,-60.3885432600887
2.44921875,-59.8100092440318
2.453125,-59.3053698980789
2.45703125,-59.0686156700258
2.4609375,-59.1708728770749
2.46484375,-59.5868379389337
2.46875,-60.1834480600285
2.47265625,-60.6953481631506
2.4765625,-60.815874328143
2.48046875,-60.4666252672936
2.484375,-59.8876086119167
2.48828125,-59.386817075823
2.4921875,-59.1556693317991
2.49609375,-59.2634381543324
2.5,-59.6831843460108
2.50390625,-60.2797643852915
2.5078125,-60.7861126055584
2.51171875,-60.8976145036587
2.515625,-60.5420394327948
2.51953125,-59.9626196395167
2.5234375,-59.4657039679236
2.52734375,-59.2401691816474
2.53125,-59.3534423828475
2.53515625,-59.7769410810704
2.5390625,-60.3734382192801
2.54296875,-60.8741729863971
2.546875,-60.9766643104046
2.55078125,-60.6148472915481
2.5546875,-60.0350940203356
2.55859375,-59.5420883427898
2.5625,-59.3221718365105
2.56640625,-59.4409416495007
2.5703125,-59.868165139964
2.57421875,-60.4645221348981
2.578125,-60.9595832407271
2.58203125,-61.0530745442734
2.5859375,-60.685100187045
2.58984375,-60.1050873119373
2.59375,-59.6160232330989
2.59765625,-59.4017320177147
2.6015625,-59.5259894918396
2.60546875,-59.9569088972783
2.609375,-60.5530665178516
2.61328125,-61.0423923846712
2.6171875,-61.1268947816189
2.62109375,-60.7528489609044
2.625,-60.1726501502658
2.62890625,-59.6875599867876
2.6328125,-59.4789008899857
2.63671875,-59.6086369476218
2.640625,-60.0432217024641
2.64453125,-60.6391189654826
2.6484375,-61.1226468937847
2.65234375,-61.1981725908156
2.65625,-60.8181415661631
2.66015625,-60.2378305327489
2.6640625,-59.7567472247973
2.66796875,-59.5537271688169
2.671875,-59.6889321261264
2.67578125,-60.1271504066295
2.6796875,-60.7227248493491
2.68359375,-61.2003908505672
2.6875,-61.2669527844844
2.69140625,-60.8810234692016
2.6953125,-60.3006743935292
2.69921875,-59.8236310804243
2.703125,-59.6262569860323
2.70703125,-59.7669206652214
2.7109375,-60.2087394166715
2.71484375,-60.8039268440487
2.71875,-61.2756661225118
2.72265625,-61.3332779996601
2.7265625,-60.941538000538
2.73046875,-60.3612253169765
2.734375,-59.8882553436055
2.73828125,-59.6965341300757
2.7421875,-59.842645830443
2.74609375,-60.2880307778482
2.75,-60.8827653546393
2.75390625,-61.3485124103598
2.7578125,-61.3971887878337
2.76171875,-60.9997263939911
2.765625,-60.4195247286821
2.76953125,-59.9506616060567
2.7734375,-59.7646001519659
2.77734375,-59.9161486426553
2.78125,-60.3650643110685
2.78515625,-60.9592786267653
2.7890625,-61.4189673643729
2.79296875,-61.4587237288341
2.796875,-61.0556278974793
2.80078125,-60.4756120224005
2.8046875,-60.0108893711558
2.80859375,-59.8304944861065
2.8125,-59.987467999981
2.81640625,-60.4398777333519
2.8203125,-61.0335028639535
2.82421875,-61.4870666967968
2.828125,-61.5179195353757
2.83203125,-61.1092798785503
2.8359375,-60.5295246592449
2.83984375,-60.0689761667091
2.84375,-59.8942545616419
2.84765625,-60.056640789502
2.8515625,-60.5125067704692
2.85546875,-61.1054723340606
2.859375,-61.5528442845301
2.86328125,-61.5748111500784
2.8671875,-61.1607179175197
2.87109375,-60.5812982675471
2.875,-60.1249576434109
2.87890625,-59.9559159060487
2.8828125,-60.1237019913956
2.88671875,-60.5829852583506
2.890625,-61.1752194699856
2.89453125,-61.6163322654374
2.8984375,-61.6294318339447
2.90234375,-61.2099758948562
2.90625,-60.6309667318996
2.91015625,-60.1788676690385
2.9140625,-60.0155122405201
2.91796875,-60.1886847748753
2.921875,-60.6513452382171
2.92578125,-61.242774962038
2.9296875,-61.6775611254612
2.93359375,-61.6818132491671
2.9375,-61.2570860724388
2.94140625,-60.6785622766224
2.9453125,-60.2307384148634
2.94921875,-60.0730755682717
2.953125,-60.2516205870078
2.95703125,-60.7176170444529
2.9609375,-61.3081678434176
2.96484375,-61.7365597802039
2.96875,-61.7319855354628
2.97265625,-61.302079168388
2.9765625,-60.7241155430703
2.98046875,-60.2806004357362
2.984375,-60.1286362566412
2.98828125,-60.3125392348777
2.9921875,-60.7818293858944
2.99609375,-61.3714255693571
3,-61.7933556504939
3.00390625,-61.7799773807423
3.0078125,-61.3449844266612
3.01171875,-60.7676556614188
3.015625,-60.3284827445405
3.01953125,-60.1822231129795
3.0234375,-60.3714689619176
3.02734375,-60.8440094211557
3.03125,-61.4325740906309
3.03515625,-61.8479747322158
3.0390625,-61.8258160866232
3.04296875,-61.3858296816034
3.046875,-60.8092103173021
3.05078125,-60.3744128811956
3.0546875,-60.2338634551646
3.05859375,-60.4284365186397
3.0625,-60.9041828284809
3.06640625,-61.4916379216465
3.0703125,-61.9004416612158
3.07421875,-61.869527629156
3.078125,-61.4246414178909
3.08203125,-60.8488058136816
3.0859375,-60.4184169768005
3.08984375,-60.2835831770545
3.09375,-60.483467228249
3.09765625,-60.9623738705609
3.1015625,-61.5486402036955
3.10546875,-61.9507797734621
3.109375,-61.9111367151777
3.11328125,-61.4614448261456
3.1171875,-60.8864671283768
3.12109375,-60.4605198132029
3.125,-60.3314068092535
3.12890625,-60.536585047577
3.1328125,-61.0186054546929
3.13671875,-61.6036027636489
3.140625,-61.9990111609075
3.14453125,-61.9506668345582
3.1484375,-61.4962638546341
3.15234375,-60.9222179674945
3.15625,-60.5007448783535
3.16015625,-60.3773575755758
3.1640625,-60.5878126236358
3.16796875,-61.0728991886385
3.171875,-61.6565461684864
3.17578125,-62.0451567233557
3.1796875,-61.9881403086677
3.18359375,-61.5291212572642
3.1875,-60.9560808151176
3.19140625,-60.5391144177507
3.1953125,-60.4214574454851
3.19921875,-60.6371713461592
3.203125,-61.1252754324838
3.20703125,-61.70748977595
3.2109375,-62.0892362166059
3.21484375,-62.0235783353377
3.21875,-61.5600386381688
3.22265625,-60.9880769794746
3.2265625,-60.5756494822509
3.23046875,-60.4637271828196
3.234375,-60.6846813963869
3.23828125,-61.1757533468027
3.2421875,-61.7564517816159
3.24609375,-62.1312682971439
3.25,-62.0570010305566
3.25390625,-61.589036493107
3.2578125,-61.0182266358458
3.26171875,-60.6103699724936
3.265625,-60.5041863910514
3.26953125,-60.7303617923702
3.2734375,-61.2243509373782
3.27734375,-61.8034492626089
3.28125,-62.1712705636298
3.28515625,-62.0884274671156
3.2890625,-61.6161342478883
3.29296875,-61.0465488664248
3.296875,-60.643294680167
3.30078125,-60.5428535553169
3.3046875,-60.7742304310295
3.30859375,-61.2710850967202
3.3125,-61.8484982182128
3.31640625,-62.209259595373
3.3203125,-62.1178757104091
3.32421875,-61.641350294022
3.328125,-61.0730616973264
3.33203125,-60.6744413263258
3.3359375,-60.5797460814365
3.33984375,-60.8163041271844
3.34375,-61.3159716425889
3.34765625,-61.8916136075671
3.3515625,-62.2452509880139
3.35546875,-62.1453628515719
3.359375,-61.664702021761
3.36328125,-61.097782132925
3.3671875,-60.7038265969462
3.37109375,-60.6148803321062
3.375,-60.8565986497493
3.37890625,-61.3590253537237
3.3828125,-61.9328093846462
3.38671875,-62.2792593865649
3.390625,-62.1709050381149
3.39453125,-61.6862058507038
3.3984375,-61.1207261876848
3.40234375,-60.7314661758846
3.40625,-60.6482716604516
3.41015625,-60.8951287552755
3.4140625,-61.4002600029482
3.41796875,-61.9720985306839
3.421875,-62.311298515988
3.42578125,-62.194517502216
3.4296875,-61.7058772580909
3.43359375,-61.1419089156317
3.4375,-60.757374775407
3.44140625,-60.6799344410923
3.4453125,-60.931908218997
3.44921875,-61.439688387815
3.453125,-62.0094930842041
3.45703125,-62.341381209444
3.4609375,-62.2162145867907
3.46484375,-61.7237308049388
3.46875,-61.1613444375981
3.47265625,-60.7815661644134
3.4765625,-60.7098820988686
3.48046875,-60.9669498635325
3.484375,-61.4773223589356
3.48828125,-62.0450041687851
3.4921875,-62.3695194343471
3.49609375,-62.2360097694765
3.5,-61.739780160119
3.50390625,-61.1790459663708
3.5078125,-60.8040531945014
3.51171875,-60.7381271353604
3.515625,-61.0002655853743
3.51953125,-61.513172846121
3.5234375,-62.0786420187044
3.52734375,-62.3957243163419
3.53125,-62.2539156846335
3.53515625,-61.7540381224956
3.5390625,-61.1950258298394
3.54296875,-60.8248478239749
3.546875,-60.7646811533197
3.55078125,-61.0318663792802
3.5546875,-61.5472498824631
3.55859375,-62.1104160025537
3.5625,-62.4200061613126
3.56640625,-62.2699441434714
3.5703125,-61.7665166412207
3.57421875,-61.2092954922633
3.578125,-60.843961139908
3.58203125,-60.7895548791236
3.5859375,-61.0617623606908
3.58984375,-61.5795626264551
3.59375,-62.1403346449455
3.59765625,-62.4423744755205
3.6015625,-62.2841061523812
3.60546875,-61.7772268342686
3.609375,-61.2218655737282
3.61328125,-60.8614033783546
3.6171875,-60.8127581833458
3.62109375,-61.0899627862547
3.625,-61.6101193822494
3.62890625,-62.1684056463959
3.6328125,-62.4628379839523
3.63671875,-62.2964119295677
3.640625,-61.7861790052954
3.64453125,-61.2327458678929
3.6484375,-60.8771839427963
3.65234375,-60.8343000995385
3.65625,-61.1164760725669
3.66015625,-61.63892761815
3.6640625,-62.1946359014702
3.66796875,-62.481404646965
3.671875,-62.3068709200455
3.67578125,-61.793382658889
3.6796875,-61.241945358086
3.68359375,-60.8913114209002
3.6875,-60.8541888413016
3.69140625,-61.1413098131887
3.6953125,-61.6659939834088
3.69921875,-62.219031515265
3.703125,-62.4980816752916
3.70703125,-62.3154918090661
3.7109375,-61.7988465142783
3.71484375,-61.2494722318258
3.71875,-60.9037935996589
3.72265625,-60.8724318177107
3.7265625,-61.16447079403
3.73046875,-61.6913243233979
3.734375,-62.2415978182959
3.73828125,-62.5128755434744
3.7421875,-62.3222825340418
3.74609375,-61.8025785175523
3.75,-61.255333893817
3.75390625,-60.9146374789742
3.7578125,-60.8890356471714
3.76171875,-61.1859650071534
3.765625,-61.714923693228
3.76953125,-62.262339379846
3.7734375,-62.525792001773
3.77734375,-62.3272502950073
3.78125,-61.8045858524448
3.78515625,-61.2595369774825
3.7890625,-60.9238492837374
3.79296875,-60.9040061697517
3.796875,-61.2057976630569
3.80078125,-61.736796369861
3.8046875,-62.2812600198334
3.80859375,-62.536836086609
3.8125,-62.3304015636722
3.81640625,-61.8048749497232
3.8203125,-61.2620873550681
3.82421875,-60.931434474456
3.828125,-60.9173484580477
3.83203125,-61.2239732014949
3.8359375,-61.7569458627703
3.83984375,-62.2983628192356
3.84375,-62.5460121295753
3.84765625,-62.3317420910983
3.8515625,-61.8034514952197
3.85546875,-61.2629901463624
3.859375,-60.937397756471
3.86328125,-60.9290668266224
3.8671875,-61.2404953008665
3.87109375,-61.7753749231888
3.875,-62.313650129123
3.87890625,-62.5533237650516
3.8828125,-62.3312769140386
3.88671875,-61.8003204365393
3.890625,-61.2622497260707
3.89453125,-60.9417430877954
3.8984375,-60.9391648400577
3.90234375,-61.255366886222
3.90625,-61.7920855519866
3.91015625,-62.3271235783157
3.9140625,-62.5587739364632
3.91796875,-62.3290103599625
3.921875,-61.7954859884665
3.92578125,-61.2598697298589
3.9296875,-60.9444736856082
3.93359375,-60.9476453196489
3.9375,-61.2685901359137
3.94140625,-61.807079006204
3.9453125,-62.3387840797128
3.94921875,-62.5623649011946
3.953125,-62.3249460507904
3.95703125,-61.7889516370967
3.9609375,-61.2558530591026
3.96484375,-60.9455920314272
3.96875,-60.9545103487726
3.97265625,-61.2801664869183
3.9765625,-61.8203558042638
3.98046875,-62.348631835297
3.984375,-62.5640982341853
3.98828125,-62.3190869053547
3.9921875,-61.7807201427021
3.99609375,-61.2502018843476
4,-60.9450998749805
